<?xml version='1.0' encoding='UTF-8'?>
<?artifactRepository version='1.1.0'?>
<repository name='file:/C:/Users/suneelb/Desktop/Work/Mulesoft/WorkSpace/generic-sftp-connector/target/update-site/ - artifacts' type='org.eclipse.equinox.p2.artifact.repository.simpleRepository' version='1'>
  <properties size='2'>
    <property name='p2.timestamp' value='1468612447080'/>
    <property name='p2.compressed' value='false'/>
  </properties>
  <mappings size='3'>
    <rule filter='(&amp; (classifier=osgi.bundle))' output='${repoUrl}/plugins/${id}_${version}.jar'/>
    <rule filter='(&amp; (classifier=binary))' output='${repoUrl}/binary/${id}_${version}'/>
    <rule filter='(&amp; (classifier=org.eclipse.update.feature))' output='${repoUrl}/features/${id}_${version}.jar'/>
  </mappings>
  <artifacts size='2'>
    <artifact classifier='osgi.bundle' id='org.mule.tooling.ui.contribution.generic-sftp.3.5.0' version='1.0.0.201607151453'>
      <properties size='3'>
        <property name='artifact.size' value='642655'/>
        <property name='download.size' value='642655'/>
        <property name='download.md5' value='5e9af7cc39fb94e67a0747d7680c1255'/>
      </properties>
    </artifact>
    <artifact classifier='org.eclipse.update.feature' id='org.mule.tooling.ui.extension.generic-sftp-connector.3.5.0' version='1.0.0.201607151453'>
      <properties size='4'>
        <property name='artifact.size' value='654'/>
        <property name='download.size' value='654'/>
        <property name='download.md5' value='780eec71c54b7391d20f6cc1e39ba62e'/>
        <property name='download.contentType' value='application/zip'/>
      </properties>
    </artifact>
  </artifacts>
</repository>
